<?xml version="1.0" encoding="UTF-8" standalone="no"?>
<workflow download="all" export="proj" mainabst="" maingraf="AutoDock-Vina-with-count_2014-03-03-160015_2014-03-14-150405" mainreal="AutodockRemoteInputs_2014-03-14-150405" name="AutodockRemoteInputs_2014-03-14-150405">
   <graf name="AutoDock-Vina-with-count_2014-03-03-160015_2014-03-14-150405" text="AutoDock Vina workflow">
      <job name="collector.sh" text="This script selects the &quot;best&quot; results based on the binding energy values.&#10;" x="166" y="304">
         <input name="output.tar" prejob="PublicAutodockVina112" preoutput="1" seq="1" text="The output pdbqt molecule descriptor files in a tar archive." x="165" y="289"/>
         <input name="count" prejob="Generator" preoutput="6" seq="2" text="The number of inputs expected" x="212" y="289"/>
         <output name="best.pdbqt" seq="0" text="The &quot;best&quot; results selected" x="196" y="289"/>
      </job>
      <job name="PublicAutodockVina112" text="AutoDock Vina is a new open-source program for drug discovery, molecular docking and virtual screening, offering multi-core capability, high performance and enhanced accuracy and ease of use.&#10;&#10;Input: &#10; - ligands.zip&#10; - receptor.pdbqt&#10; - config.txt&#10;&#10;Output: &#10;- output.tar" x="166" y="163">
         <input name="receptor.pdbqt" prejob="Generator" preoutput="2" seq="0" text="The descriptor files showing the 3D sctructure of the ligand&#10;&#10;&#10;&#10;" x="165" y="148"/>
         <input name="ligands.zip" prejob="Generator" preoutput="0" seq="2" text="The ligand pdbqt descriptor files in a zip archive." x="181" y="148"/>
         <input name="config.txt" prejob="Generator" preoutput="1" seq="3" text="used by the GenWrapper profile script" x="196" y="148"/>
         <output name="output.tar" seq="1" text="The output pdbqt molecule descriptor files in a tar archive." x="165" y="223"/>
      </job>
      <job name="Generator" text="Generates workunits for public_autodock_vina_1_1_2&#10;&#10;Input:&#10;- vina-ligands.zip&#10;- vina-config.txt&#10;- vina-receptor.pdbqt&#10;- Number of work unit to be created (CLI parameter)&#10;&#10;Output&#10;- output.zip_$i&#10;  where $i is a non-negative integer &#10;- config.txt &#10;  same as vina-config.txt&#10;- receptor.pdbqt&#10;  same as vina-receptor.pdbqt&#10;&#10;Example&#10;Assume vina-ligands.zip containing 1.pdbqt, 2.pdbqt ... 10.pdbqt&#10;&#10;&quot;./workunit_submitter.sh 2&quot; will create two work units (WU) will be created.&#10;&#10;1. WU's output.zip = {1.pdbqt, 2.pdbqt ... 5.pdbqt}&#10;2. WU's output.zip = {5.pdbqt, 6.pdbqt ... 10.pdbqt}&#10;" x="166" y="56">
         <input name="input-ligands.zip" prejob="" preoutput="" seq="3" text="The ligand pdbqt descriptor files in a zip archive." x="226" y="71"/>
         <input name="vina-config.txt" prejob="" preoutput="" seq="4" text="Config parameters for Autodock Vina" x="181" y="41"/>
         <input name="input-receptor.pdbqt" prejob="" preoutput="" seq="5" text="The descriptor files showing the 3D sctructure of the ligand" x="196" y="41"/>
         <output name="output.zip" seq="0" text="Description of Port" x="181" y="116"/>
         <output name="config.txt" seq="1" text="Description of Port" x="196" y="116"/>
         <output name="receptor.pdbqt" seq="2" text="The descriptor files showing the 3D sctructure of the ligand" x="165" y="116"/>
         <output name="splitCount" seq="6" text="The number of split job created" x="212" y="116"/>
      </job>
   </graf>
   <real abst="" graf="AutoDock-Vina-with-count_2014-03-03-160015_2014-03-14-150405" name="AutodockRemoteInputs_2014-03-14-150405" text="2014-3-4">
      <job name="collector.sh" text="This script selects the &quot;best&quot; results based on the binding energy values.&#10;" x="166" y="304">
         <input name="output.tar" prejob="PublicAutodockVina112" preoutput="1" seq="1" text="The output pdbqt molecule descriptor files in a tar archive." x="165" y="289">
            <port_prop desc="null" inh="null" key="eparam" label="null" value="0"/>
            <port_prop desc="null" inh="null" key="waitingtmp" label="null" value="all"/>
            <port_prop desc="null" inh="null" key="waiting" label="null" value="all"/>
            <port_prop desc="null" inh="null" key="intname" label="null" value="input.tar"/>
            <port_prop desc="null" inh="null" key="dpid" label="null" value="1"/>
            <port_prop desc="null" inh="null" key="pequaltype" label="null" value="0"/>
         </input>
         <input name="count" prejob="Generator" preoutput="6" seq="2" text="The number of inputs expected" x="212" y="289">
            <port_prop desc="null" inh="null" key="eparam" label="null" value="0"/>
            <port_prop desc="null" inh="null" key="waitingtmp" label="null" value="one"/>
            <port_prop desc="null" inh="null" key="waiting" label="null" value="one"/>
            <port_prop desc="null" inh="null" key="intname" label="null" value="count"/>
            <port_prop desc="null" inh="null" key="dpid" label="null" value="2"/>
            <port_prop desc="null" inh="null" key="pequaltype" label="null" value="0"/>
         </input>
         <output name="best.pdbqt" seq="0" text="The &quot;best&quot; results selected" x="196" y="289">
            <port_prop desc="null" inh="null" key="remotehost" label="null" value="srm.grid.sara.nl"/>
            <port_prop desc="null" inh="null" key="maincount0" label="null" value="1"/>
            <port_prop desc="null" inh="null" key="type0" label="null" value="permament"/>
            <port_prop desc="null" inh="null" key="intname" label="null" value="output.tar.gz"/>
            <port_prop desc="null" inh="null" key="remote" label="null" value="x"/>
            <port_prop desc="null" inh="null" key="maincount" label="null" value="1"/>
         </output>
         <execute desc="null" inh="null" key="robotjobbundle" label="null" value="10196:#:AutodockRemoteInputs_2014-03-14-150405:#:collector.sh:#:92184bc6-4901-41df-9024-979257c8c93c"/>
         <execute desc="null" inh="null" key="gridtype" label="null" value="glite"/>
         <execute desc="null" inh="null" key="binary" label="null" value="collect_March_2014.sh"/>
         <execute desc="null" inh="null" key="jobistype" label="null" value="binary"/>
         <execute desc="null" inh="null" key="grid" label="null" value="vlemed"/>
         <execute desc="null" inh="null" key="type" label="null" value="Sequence"/>
         <history mdyid="new.job.robotjobbundle" nvalue="10196:#:AutodockRemoteInputs_2014-03-14-150405:#:collector.sh:#:92184bc6-4901-41df-9024-979257c8c93c" ovalue="" port="-" tim="2014-03-14-15:44:53" user="10196"/>
         <history mdyid="modify.job.gridtype" nvalue="glite" ovalue="local" port="-" tim="2014-03-14-15:04:05" user="10196"/>
         <history mdyid="modify.job.grid" nvalue="vlemed" ovalue="dci-bridge host(64bit)" port="-" tim="2014-03-14-15:04:05" user="10196"/>
         <history mdyid="new.output.remotehost" nvalue="srm.grid.sara.nl" ovalue="" port="0" tim="2014-03-14-15:04:05" user="10196"/>
         <history mdyid="new.output.remote" nvalue="x" ovalue="" port="0" tim="2014-03-14-15:04:05" user="10196"/>
         <history mdyid="modify.job.gridtype" nvalue="local" ovalue="glite" port="-" tim="2014-03-14-15:04:05" user="10196"/>
         <history mdyid="modify.job.grid" nvalue="dci-bridge host(64bit)" ovalue="vlemed" port="-" tim="2014-03-14-15:04:05" user="10196"/>
         <history mdyid="modify.job.binary" nvalue="collect_March_2014.sh" ovalue="collect.sh" port="-" tim="2014-03-14-15:04:05" user="10196"/>
         <history mdyid="modify.input.intname" nvalue="input.tar" ovalue="output.tar" port="1" tim="2014-03-14-15:04:05" user="10196"/>
         <history mdyid="modify.output.intname" nvalue="output.tar.gz" ovalue="pdbqt.tar.gz" port="0" tim="2014-03-14-15:04:05" user="10196"/>
         <history mdyid="modify.input.eparam" nvalue="0" ovalue="1" port="1" tim="2014-03-14-15:04:05" user="10196"/>
         <history mdyid="new.input.eparam" nvalue="0" ovalue="" port="2" tim="2014-03-14-15:04:05" user="10196"/>
         <history mdyid="new.input.waitingtmp" nvalue="one" ovalue="" port="2" tim="2014-03-14-15:04:05" user="10196"/>
         <history mdyid="new.input.waiting" nvalue="one" ovalue="" port="2" tim="2014-03-14-15:04:05" user="10196"/>
         <history mdyid="new.input.intname" nvalue="count" ovalue="" port="2" tim="2014-03-14-15:04:05" user="10196"/>
         <history mdyid="new.input.dpid" nvalue="2" ovalue="" port="2" tim="2014-03-14-15:04:05" user="10196"/>
         <history mdyid="new.input.pequaltype" nvalue="0" ovalue="" port="2" tim="2014-03-14-15:04:05" user="10196"/>
         <history mdyid="modify.output.intname" nvalue="pdbqt.tar.gz" ovalue="best.pdbqt" port="0" tim="2014-03-14-15:04:05" user="10196"/>
         <history mdyid="modify.job.breaktimeout" nvalue="0" ovalue="60" port="-" tim="2014-03-14-15:04:05" user="10196"/>
         <history mdyid="new.job.breaktimeout" nvalue="60" ovalue="" port="-" tim="2014-03-14-15:04:05" user="10196"/>
         <history mdyid="new.job.breakpoint" nvalue="none" ovalue="" port="-" tim="2014-03-14-15:04:05" user="10196"/>
         <history mdyid="delete.job.params" nvalue="" ovalue="5" port="-" tim="2014-03-14-15:04:05" user="10196"/>
         <history mdyid="delete.job.resource" nvalue="" ovalue="" port="-" tim="2014-03-14-15:04:05" user="10196"/>
         <history mdyid="delete.job.jobmanager" nvalue="" ovalue="" port="-" tim="2014-03-14-15:04:05" user="10196"/>
         <history mdyid="modify.job.binary" nvalue="collect.sh" ovalue="sort_PS.sh" port="-" tim="2014-03-14-15:04:05" user="10196"/>
         <history mdyid="modify.job.gridtype" nvalue="glite" ovalue="local" port="-" tim="2014-03-14-15:04:05" user="10196"/>
         <history mdyid="modify.job.grid" nvalue="vlemed" ovalue="dci-bridge host(64bit)" port="-" tim="2014-03-14-15:04:05" user="10196"/>
         <history mdyid="new.job.jobmanager" nvalue="null" ovalue="" port="-" tim="2014-03-14-15:04:05" user="10196"/>
         <history mdyid="new.job.resource" nvalue="null" ovalue="" port="-" tim="2014-03-14-15:04:05" user="10196"/>
         <history mdyid="modify.job.params" nvalue="5" ovalue="3 -d" port="-" tim="2014-03-14-15:04:05" user="10196"/>
      </job>
      <job name="Generator" text="Generates workunits for public_autodock_vina_1_1_2&#10;&#10;Input:&#10;- vina-ligands.zip&#10;- vina-config.txt&#10;- vina-receptor.pdbqt&#10;- Number of work unit to be created (CLI parameter)&#10;&#10;Output&#10;- output.zip_$i&#10;  where $i is a non-negative integer &#10;- config.txt &#10;  same as vina-config.txt&#10;- receptor.pdbqt&#10;  same as vina-receptor.pdbqt&#10;&#10;Example&#10;Assume vina-ligands.zip containing 1.pdbqt, 2.pdbqt ... 10.pdbqt&#10;&#10;&quot;./workunit_submitter.sh 2&quot; will create two work units (WU) will be created.&#10;&#10;1. WU's output.zip = {1.pdbqt, 2.pdbqt ... 5.pdbqt}&#10;2. WU's output.zip = {5.pdbqt, 6.pdbqt ... 10.pdbqt}&#10;" x="166" y="56">
         <input name="input-ligands.zip" prejob="" preoutput="" seq="3" text="The ligand pdbqt descriptor files in a zip archive." x="226" y="71">
            <port_prop desc="null" inh="null" key="eparam" label="null" value="0"/>
            <port_prop desc="null" inh="null" key="intname" label="null" value="input-ligands.zip"/>
            <port_prop desc="null" inh="null" key="dpid" label="null" value="3"/>
            <port_prop desc="null" inh="null" key="remote" label="null" value="x"/>
            <port_prop desc="null" inh="null" key="pequaltype" label="null" value="0"/>
         </input>
         <input name="vina-config.txt" prejob="" preoutput="" seq="4" text="Config parameters for Autodock Vina" x="181" y="41">
            <port_prop desc="null" inh="null" key="eparam" label="null" value="0"/>
            <port_prop desc="null" inh="null" key="intname" label="null" value="vina-config.txt"/>
            <port_prop desc="null" inh="null" key="dpid" label="null" value="4"/>
            <port_prop desc="null" inh="null" key="remote" label="null" value="y"/>
            <port_prop desc="null" inh="null" key="pequaltype" label="null" value="0"/>
         </input>
         <input name="input-receptor.pdbqt" prejob="" preoutput="" seq="5" text="The descriptor files showing the 3D sctructure of the ligand" x="196" y="41">
            <port_prop desc="null" inh="null" key="eparam" label="null" value="0"/>
            <port_prop desc="null" inh="null" key="intname" label="null" value="input-receptor.pdbqt"/>
            <port_prop desc="null" inh="null" key="dpid" label="null" value="5"/>
            <port_prop desc="null" inh="null" key="remote" label="null" value="z"/>
            <port_prop desc="null" inh="null" key="pequaltype" label="null" value="0"/>
         </input>
         <output name="output.zip" seq="0" text="Description of Port" x="181" y="116">
            <port_prop desc="null" inh="null" key="maincount0" label="null" value="2"/>
            <port_prop desc="null" inh="null" key="type0" label="null" value="permament"/>
            <port_prop desc="null" inh="null" key="intname" label="null" value="output.zip"/>
            <port_prop desc="null" inh="null" key="maincount" label="null" value="2"/>
         </output>
         <output name="config.txt" seq="1" text="Description of Port" x="196" y="116">
            <port_prop desc="null" inh="null" key="maincount0" label="null" value="1"/>
            <port_prop desc="null" inh="null" key="type0" label="null" value="permament"/>
            <port_prop desc="null" inh="null" key="intname" label="null" value="config.txt"/>
            <port_prop desc="null" inh="null" key="maincount" label="null" value="1"/>
         </output>
         <output name="receptor.pdbqt" seq="2" text="The descriptor files showing the 3D sctructure of the ligand" x="165" y="116">
            <port_prop desc="null" inh="null" key="maincount0" label="null" value="1"/>
            <port_prop desc="null" inh="null" key="intname" label="null" value="receptor.pdbqt"/>
            <port_prop desc="null" inh="null" key="type0" label="null" value="permament"/>
            <port_prop desc="null" inh="null" key="maincount" label="null" value="1"/>
         </output>
         <output name="splitCount" seq="6" text="The number of split job created" x="212" y="116">
            <port_prop desc="null" inh="null" key="maincount0" label="null" value="1"/>
            <port_prop desc="null" inh="null" key="intname" label="null" value="splitCount"/>
            <port_prop desc="null" inh="null" key="type0" label="null" value="permament"/>
            <port_prop desc="null" inh="null" key="maincount" label="null" value="1"/>
         </output>
         <execute desc="null" inh="null" key="robotjobbundle" label="null" value="10196:#:AutodockRemoteInputs_2014-03-14-150405:#:Generator:#:dc33eaa1-f937-4a57-b65a-622c1bfe89f5"/>
         <execute desc="null" inh="null" key="binary" label="null" value="generate.sh"/>
         <execute desc="null" inh="null" key="gridtype" label="null" value="glite"/>
         <execute desc="null" inh="null" key="jobistype" label="null" value="binary"/>
         <execute desc="null" inh="null" key="grid" label="null" value="vlemed"/>
         <execute desc="null" inh="null" key="params" label="null" value="25"/>
         <execute desc="null" inh="null" key="type" label="null" value="Sequence"/>
         <history mdyid="new.job.robotjobbundle" nvalue="10196:#:AutodockRemoteInputs_2014-03-14-150405:#:Generator:#:dc33eaa1-f937-4a57-b65a-622c1bfe89f5" ovalue="" port="-" tim="2014-03-14-15:44:54" user="10196"/>
         <history mdyid="delete.input.file" nvalue="" ovalue="ligands_underscore.zip" port="3" tim="2014-03-14-15:04:05" user="10196"/>
         <history mdyid="new.input.remote" nvalue="x" ovalue="" port="3" tim="2014-03-14-15:04:05" user="10196"/>
         <history mdyid="delete.input.file" nvalue="" ovalue="config.txt" port="4" tim="2014-03-14-15:04:05" user="10196"/>
         <history mdyid="new.input.remote" nvalue="y" ovalue="" port="4" tim="2014-03-14-15:04:05" user="10196"/>
         <history mdyid="delete.input.file" nvalue="" ovalue="input-receptor.pdbqt" port="5" tim="2014-03-14-15:04:05" user="10196"/>
         <history mdyid="new.input.remote" nvalue="z" ovalue="" port="5" tim="2014-03-14-15:04:05" user="10196"/>
         <history mdyid="modify.job.gridtype" nvalue="glite" ovalue="local" port="-" tim="2014-03-14-15:04:05" user="10196"/>
         <history mdyid="modify.job.grid" nvalue="vlemed" ovalue="dci-bridge host(64bit)" port="-" tim="2014-03-14-15:04:05" user="10196"/>
         <history mdyid="modify.job.params" nvalue="25" ovalue="10" port="-" tim="2014-03-14-15:04:05" user="10196"/>
         <history mdyid="modify.input.file" nvalue="ligands_underscore.zip" ovalue="Archive.zip" port="3" tim="2014-03-14-15:04:05" user="10196"/>
         <history mdyid="modify.input.file" nvalue="Archive.zip" ovalue="input_ligands_with_underscore.tgz" port="3" tim="2014-03-14-15:04:05" user="10196"/>
         <history mdyid="modify.input.file" nvalue="input_ligands_with_underscore.tgz" ovalue="input-ligands.zip" port="3" tim="2014-03-14-15:04:05" user="10196"/>
         <history mdyid="modify.job.gridtype" nvalue="local" ovalue="glite" port="-" tim="2014-03-14-15:04:05" user="10196"/>
         <history mdyid="modify.job.grid" nvalue="dci-bridge host(64bit)" ovalue="vlemed" port="-" tim="2014-03-14-15:04:05" user="10196"/>
         <history mdyid="modify.input.file" nvalue="config.txt" ovalue="vina-config.txt" port="4" tim="2014-03-14-15:04:05" user="10196"/>
         <history mdyid="new.output.maincount0" nvalue="1" ovalue="" port="6" tim="2014-03-14-15:04:05" user="10196"/>
         <history mdyid="new.output.type0" nvalue="permament" ovalue="" port="6" tim="2014-03-14-15:04:05" user="10196"/>
         <history mdyid="new.output.intname" nvalue="splitCount" ovalue="" port="6" tim="2014-03-14-15:04:05" user="10196"/>
         <history mdyid="new.output.maincount" nvalue="1" ovalue="" port="6" tim="2014-03-14-15:04:05" user="10196"/>
         <history mdyid="modify.job.binary" nvalue="generate.sh" ovalue="workunit_generator.sh" port="-" tim="2014-03-14-15:04:05" user="10196"/>
         <history mdyid="modify.job.breaktimeout" nvalue="0" ovalue="60" port="-" tim="2014-03-14-15:04:05" user="10196"/>
         <history mdyid="modify.job.params" nvalue="10" ovalue="5" port="-" tim="2014-03-14-15:04:05" user="10196"/>
         <history mdyid="new.job.breakpoint" nvalue="none" ovalue="" port="-" tim="2014-03-14-15:04:05" user="10196"/>
         <history mdyid="new.job.breaktimeout" nvalue="60" ovalue="" port="-" tim="2014-03-14-15:04:05" user="10196"/>
         <history mdyid="modify.input.file" nvalue="input-receptor.pdbqt" ovalue="neur3.pdbqt" port="5" tim="2014-03-14-15:04:05" user="10196"/>
         <history mdyid="modify.input.file" nvalue="vina-config.txt" ovalue="config.txt" port="4" tim="2014-03-14-15:04:05" user="10196"/>
         <history mdyid="modify.input.file" nvalue="input-ligands.zip" ovalue="1000.zip" port="3" tim="2014-03-14-15:04:05" user="10196"/>
         <history mdyid="modify.job.params" nvalue="100" ovalue="10" port="-" tim="2014-03-14-15:04:05" user="10196"/>
         <history mdyid="modify.job.params" nvalue="3" ovalue="100" port="-" tim="2014-03-14-15:04:05" user="10196"/>
         <history mdyid="modify.job.gridtype" nvalue="glite" ovalue="local" port="-" tim="2014-03-14-15:04:05" user="10196"/>
         <history mdyid="modify.job.params" nvalue="5" ovalue="3" port="-" tim="2014-03-14-15:04:05" user="10196"/>
         <history mdyid="modify.job.grid" nvalue="vlemed" ovalue="dci-bridge host(64bit)" port="-" tim="2014-03-14-15:04:05" user="10196"/>
      </job>
      <job name="PublicAutodockVina112" text="AutoDock Vina is a new open-source program for drug discovery, molecular docking and virtual screening, offering multi-core capability, high performance and enhanced accuracy and ease of use.&#10;&#10;Input: &#10; - ligands.zip&#10; - receptor.pdbqt&#10; - config.txt&#10;&#10;Output: &#10;- output.tar" x="166" y="163">
         <input name="receptor.pdbqt" prejob="Generator" preoutput="2" seq="0" text="The descriptor files showing the 3D sctructure of the ligand&#10;&#10;&#10;&#10;" x="165" y="148">
            <port_prop desc="null" inh="null" key="eparam" label="null" value="0"/>
            <port_prop desc="null" inh="null" key="waitingtmp" label="null" value="one"/>
            <port_prop desc="null" inh="null" key="waiting" label="null" value="one"/>
            <port_prop desc="null" inh="null" key="intname" label="null" value="receptor.pdbqt"/>
            <port_prop desc="null" inh="null" key="dpid" label="null" value="0"/>
            <port_prop desc="null" inh="null" key="pequaltype" label="null" value="0"/>
         </input>
         <input name="ligands.zip" prejob="Generator" preoutput="0" seq="2" text="The ligand pdbqt descriptor files in a zip archive." x="181" y="148">
            <port_prop desc="null" inh="null" key="eparam" label="null" value="0"/>
            <port_prop desc="null" inh="null" key="waitingtmp" label="null" value="one"/>
            <port_prop desc="null" inh="null" key="waiting" label="null" value="one"/>
            <port_prop desc="null" inh="null" key="intname" label="null" value="ligands.zip"/>
            <port_prop desc="null" inh="null" key="dpid" label="null" value="2"/>
            <port_prop desc="null" inh="null" key="pequaltype" label="null" value="0"/>
         </input>
         <input name="config.txt" prejob="Generator" preoutput="1" seq="3" text="used by the GenWrapper profile script" x="196" y="148">
            <port_prop desc="null" inh="null" key="eparam" label="null" value="0"/>
            <port_prop desc="null" inh="null" key="waitingtmp" label="null" value="one"/>
            <port_prop desc="null" inh="null" key="waiting" label="null" value="one"/>
            <port_prop desc="null" inh="null" key="intname" label="null" value="config.txt"/>
            <port_prop desc="null" inh="null" key="dpid" label="null" value="3"/>
            <port_prop desc="null" inh="null" key="pequaltype" label="null" value="0"/>
         </input>
         <output name="output.tar" seq="1" text="The output pdbqt molecule descriptor files in a tar archive." x="165" y="223">
            <port_prop desc="null" inh="null" key="maincount0" label="null" value="1"/>
            <port_prop desc="null" inh="null" key="type0" label="null" value="permament"/>
            <port_prop desc="null" inh="null" key="intname" label="null" value="output.tar.gz"/>
            <port_prop desc="null" inh="null" key="maincount" label="null" value="1"/>
         </output>
         <execute desc="null" inh="null" key="robotjobbundle" label="null" value="10196:#:AutodockRemoteInputs_2014-03-14-150405:#:PublicAutodockVina112:#:fbc8fd3e-4272-4541-b378-4b24df1d73e5"/>
         <execute desc="null" inh="null" key="binary" label="null" value="vina-wrapper.sh.app.tgz"/>
         <execute desc="null" inh="null" key="gridtype" label="null" value="glite"/>
         <execute desc="null" inh="null" key="jobistype" label="null" value="binary"/>
         <execute desc="null" inh="null" key="grid" label="null" value="vlemed"/>
         <execute desc="null" inh="null" key="tmp*resource" label="null" value="autodock_4"/>
         <execute desc="null" inh="null" key="type" label="null" value="Sequence"/>
         <execute desc="null" inh="null" key="tmp*grid" label="null" value="WminDG"/>
         <history mdyid="new.job.robotjobbundle" nvalue="10196:#:AutodockRemoteInputs_2014-03-14-150405:#:PublicAutodockVina112:#:fbc8fd3e-4272-4541-b378-4b24df1d73e5" ovalue="" port="-" tim="2014-03-14-15:44:54" user="10196"/>
         <history mdyid="modify.job.gridtype" nvalue="glite" ovalue="local" port="-" tim="2014-03-14-15:04:05" user="10196"/>
         <history mdyid="modify.job.grid" nvalue="vlemed" ovalue="dci-bridge host(64bit)" port="-" tim="2014-03-14-15:04:05" user="10196"/>
         <history mdyid="modify.job.gridtype" nvalue="local" ovalue="glite" port="-" tim="2014-03-14-15:04:05" user="10196"/>
         <history mdyid="modify.job.grid" nvalue="dci-bridge host(64bit)" ovalue="vlemed" port="-" tim="2014-03-14-15:04:05" user="10196"/>
         <history mdyid="modify.job.breakpoint" nvalue="post" ovalue="none" port="-" tim="2014-03-14-15:04:05" user="10196"/>
         <history mdyid="modify.job.breaktimeout" nvalue="60" ovalue="0" port="-" tim="2014-03-14-15:04:05" user="10196"/>
         <history mdyid="modify.job.breaktimeout" nvalue="0" ovalue="60" port="-" tim="2014-03-14-15:04:05" user="10196"/>
         <history mdyid="modify.output.intname" nvalue="output.tar.gz" ovalue="output.tar" port="1" tim="2014-03-14-15:04:05" user="10196"/>
         <history mdyid="new.desc.glite.keyrequirements" nvalue="RegExp(&quot;.*medium&quot;,other.GlueCEUniqueID)" ovalue="" port="-" tim="2014-03-14-15:04:05" user="10196"/>
         <history mdyid="new.job.breaktimeout" nvalue="60" ovalue="" port="-" tim="2014-03-14-15:04:05" user="10196"/>
         <history mdyid="new.job.breakpoint" nvalue="none" ovalue="" port="-" tim="2014-03-14-15:04:05" user="10196"/>
         <history mdyid="delete.job.resource" nvalue="" ovalue="" port="-" tim="2014-03-14-15:04:05" user="10196"/>
         <history mdyid="delete.job.jobmanager" nvalue="" ovalue="" port="-" tim="2014-03-14-15:04:05" user="10196"/>
         <history mdyid="modify.job.gridtype" nvalue="local" ovalue="boinc" port="-" tim="2014-03-14-15:04:05" user="10196"/>
         <history mdyid="modify.job.grid" nvalue="dci-bridge host(64bit)" ovalue="WminDG" port="-" tim="2014-03-14-15:04:05" user="10196"/>
         <history mdyid="delete.job.resource" nvalue="" ovalue="public_autodock_vina_1_1_2" port="-" tim="2014-03-14-15:04:05" user="10196"/>
         <history mdyid="new.job.type" nvalue="Sequence" ovalue="" port="-" tim="2014-03-14-15:04:05" user="10196"/>
         <history mdyid="new.job.binary" nvalue="vina" ovalue="" port="-" tim="2014-03-14-15:04:05" user="10196"/>
         <history mdyid="new.job.params" nvalue="--config config.txt --ligand ligands.zip" ovalue="" port="-" tim="2014-03-14-15:04:05" user="10196"/>
         <history mdyid="new.input.eparam" nvalue="0" ovalue="" port="0" tim="2014-03-14-15:04:05" user="10196"/>
         <history mdyid="modify.job.params" nvalue="--config config.txt --ligand ligands.zip --receptor receptor.pdbqt" ovalue="--config config.txt --ligand ligands.zip" port="-" tim="2014-03-14-15:04:05" user="10196"/>
         <history mdyid="new.input.waitingtmp" nvalue="one" ovalue="" port="0" tim="2014-03-14-15:04:05" user="10196"/>
         <history mdyid="new.input.waiting" nvalue="one" ovalue="" port="0" tim="2014-03-14-15:04:05" user="10196"/>
         <history mdyid="new.input.intname" nvalue="receptor.pdbqt" ovalue="" port="0" tim="2014-03-14-15:04:05" user="10196"/>
         <history mdyid="new.input.dpid" nvalue="0" ovalue="" port="0" tim="2014-03-14-15:04:05" user="10196"/>
         <history mdyid="new.input.pequaltype" nvalue="0" ovalue="" port="0" tim="2014-03-14-15:04:05" user="10196"/>
         <history mdyid="new.input.eparam" nvalue="0" ovalue="" port="2" tim="2014-03-14-15:04:05" user="10196"/>
         <history mdyid="new.input.waitingtmp" nvalue="one" ovalue="" port="2" tim="2014-03-14-15:04:05" user="10196"/>
         <history mdyid="new.input.waiting" nvalue="one" ovalue="" port="2" tim="2014-03-14-15:04:05" user="10196"/>
         <history mdyid="new.input.intname" nvalue="ligands.zip" ovalue="" port="2" tim="2014-03-14-15:04:05" user="10196"/>
         <history mdyid="new.input.dpid" nvalue="2" ovalue="" port="2" tim="2014-03-14-15:04:05" user="10196"/>
         <history mdyid="new.input.pequaltype" nvalue="0" ovalue="" port="2" tim="2014-03-14-15:04:05" user="10196"/>
         <history mdyid="new.input.eparam" nvalue="0" ovalue="" port="3" tim="2014-03-14-15:04:05" user="10196"/>
         <history mdyid="new.input.waitingtmp" nvalue="one" ovalue="" port="3" tim="2014-03-14-15:04:05" user="10196"/>
         <history mdyid="new.input.waiting" nvalue="one" ovalue="" port="3" tim="2014-03-14-15:04:05" user="10196"/>
         <history mdyid="new.input.intname" nvalue="config.txt" ovalue="" port="3" tim="2014-03-14-15:04:05" user="10196"/>
         <history mdyid="new.input.dpid" nvalue="3" ovalue="" port="3" tim="2014-03-14-15:04:05" user="10196"/>
         <history mdyid="new.input.pequaltype" nvalue="0" ovalue="" port="3" tim="2014-03-14-15:04:05" user="10196"/>
         <history mdyid="new.output.type0" nvalue="permament" ovalue="" port="1" tim="2014-03-14-15:04:05" user="10196"/>
         <history mdyid="new.output.maincount0" nvalue="1" ovalue="" port="1" tim="2014-03-14-15:04:05" user="10196"/>
         <history mdyid="modify.job.binary" nvalue="vina.sh.app.tgz" ovalue="vina" port="-" tim="2014-03-14-15:04:05" user="10196"/>
         <history mdyid="delete.job.params" nvalue="" ovalue="--config config.txt --ligand ligands.zip --receptor receptor.pdbqt" port="-" tim="2014-03-14-15:04:05" user="10196"/>
         <history mdyid="modify.job.binary" nvalue="vina-wrapper.sh.app.tgz" ovalue="vina.sh.app.tgz" port="-" tim="2014-03-14-15:04:05" user="10196"/>
         <history mdyid="modify.job.gridtype" nvalue="glite" ovalue="local" port="-" tim="2014-03-14-15:04:05" user="10196"/>
         <history mdyid="modify.job.grid" nvalue="vlemed" ovalue="dci-bridge host(64bit)" port="-" tim="2014-03-14-15:04:05" user="10196"/>
         <history mdyid="new.job.jobmanager" nvalue="null" ovalue="" port="-" tim="2014-03-14-15:04:05" user="10196"/>
         <history mdyid="new.job.resource" nvalue="null" ovalue="" port="-" tim="2014-03-14-15:04:05" user="10196"/>
         <history mdyid="modify.job.grid" nvalue="WminDG" ovalue="edgidemo" port="-" tim="2014-03-14-15:04:05" user="10196"/>
      </job>
   </real>
</workflow>
